[
  {
    "imgClub1": "/src/assets/Country Flags/Argentino Jrs.svg",
    "imgClub2": "/src/assets/Country Flags/Sarmiento.svg",
    "club1": "Argentino Jrs",
    "club2": "Sarmiento",
    "time": "22:00",
    "club1_HT1": 1,
    "club1_HT2": 2,
    "club2_HT1": 1,
    "club2_HT2": 2
  },
  {
    "imgClub1": "/src/assets/Country Flags/Instituto 2.svg",
    "imgClub2": "/src/assets/Country Flags/Belgrano.svg",
    "club1": "Instituto 2",
    "club2": "Belgrano 2",
    "time": "22:00",
    "club1_HT1": 0,
    "club1_HT2": 0,
    "club2_HT1": 1,
    "club2_HT2": 2
  },
  {
    "imgClub1": "/src/assets/Country Flags/Royal Pary.svg",
    "imgClub2": "/src/assets/Country Flags/Santa Cruiz.svg",
    "club1": "Argentino Jrs",
    "club2": "Sarmiento",
    "time": "Finished",
    "club1_HT1": 1,
    "club1_HT2": 1,
    "club2_HT1": 1,
    "club2_HT2": 3
  },

  {
    "imgClub1": "/src/assets/Country Flags/Bahia.svg",
    "imgClub2": "/src/assets/Country Flags/Flamengo.svg",
    "club1": "Argentino Jrs",
    "club2": "Sarmiento",
    "time": "57'",
    "club1_HT1": 0,
    "club1_HT2": 2,
    "club2_HT1": 1,
    "club2_HT2": 2
  },
  {
    "imgClub1": "/src/assets/Country Flags/Argentino Jrs.svg",
    "imgClub2": "/src/assets/Country Flags/Sarmiento.svg",
    "club1": "Argentino Jrs",
    "club2": "Sarmiento",
    "time": "22:00",
    "club1_HT1": 1,
    "club1_HT2": 2,
    "club2_HT1": 1,
    "club2_HT2": 2
  },
  {
    "imgClub1": "/src/assets/Country Flags/Instituto 2.svg",
    "imgClub2": "/src/assets/Country Flags/Belgrano.svg",
    "club1": "Instituto 2",
    "club2": "Belgrano 2",
    "time": "22:00",
    "club1_HT1": 0,
    "club1_HT2": 0,
    "club2_HT1": 1,
    "club2_HT2": 2
  }
]
